1,Female,22,2016_May_25_1334
2,Male,20,2016_May_25_1334
3,Female,19,2016_May_25_1450
4,Female,21,2016_May_25_1450
5,Female,20,2016_May_25_1609
6,Female,20,2016_May_25_1609
7,Female,29,2016_May_26_0909
8,Female,26,2016_May_26_1138
9,Female,23,2016_May_26_1337
10,Female,20,2016_May_26_1451
11,Male,19,2016_May_26_1606
12,Male,21,2016_May_26_1606
13,Female,22,2016_May_27_0905
14,Male,21,2016_May_27_0905
15,Female,26,2016_May_27_1019
16,Female,19,2016_May_27_1019
17,Male,23,2016_May_27_1139
18,Male,23,2016_May_27_1236
19,Female,22,2016_May_27_1236
20,Male,23,2016_May_27_1340
21,Male,20,2016_May_27_1454
22,Female,27,2016_May_27_1610
23,Female,19,2016_Jun_01_1017
24,Female,25,2016_Jun_02_1604
25,Female,24,2016_Jun_02_1604
26,Male,25,2016_Jun_02_1721
27,Female,31,2016_Jun_02_1722
28,Female,20,2016_Jun_03_0909
29,Female,24,2016_Jun_03_0915
30,Female,31,2016_Jun_03_1135
